Product ID;Reference;Quantity
8424;AMBCA011;999
8421;AMBGT007;999
8413;AMBPR010;999
8029;AMBGT015;999
8028;AMBPR014;999
7833;AMBCA011;999
7831;AMBPR013;999
7829;AMBGT013;999
7827;AMBEL011;999
7825;AMBCA010;999
7823;AMBPR012;999
7821;AMBGT014;999
7819;AMBEL010;999
5635;AMBPR010;999
5621;AMBGT011;999
5611;AMBCA004;999
5609;AMBCA009;999
5607;AMBCA008;999
5605;AMBCA002;999
5603;AMBCA001;999
4947;AMBCA006;999
4945;AMBCA005;999
4943;AMBCA004;999
4941;AMBCA001;999
4939;AMBCA004;999
4937;AMBCA003;999
4935;AMBCA002;999
4933;AMBCA001;999
200;AMBPR008;999
199;AMBPR004;999
198;AMBPR004;999
197;AMBPR004;999
196;AMBPR007;999
195;AMBPR003;999
194;AMBPR006;999
193;AMBPR005;999
192;AMBPR002;999
191;AMBPR009;999
190;AMBPR001;999
189;AMBPR001;999
188;AMBPR001;999
187;AMBGT009;999
186;AMBGT008;999
185;AMBGT010;999
184;AMBGT004;999
183;AMBGT004;999
182;AMBGT004;999
181;AMBGT009;999
180;AMBGT003;999
179;AMBGT006;999
178;AMBGT005;999
177;AMBGT002;999
176;AMBGT008;999
175;AMBGT001;999
174;AMBGT001;999
173;AMBGT001;999
172;AMBEL007;999
171;AMBEL004;999
170;AMBEL004;999
169;AMBEL004;999
168;AMBEL006;999
167;AMBEL003;999
166;AMBEL005;999
165;AMBEL002;999
164;AMBEL002;999
163;AMBEL008;999
162;AMBEL001;999
161;AMBEL001;999
160;AMBEL001;999
8503;EL009BM;999
8502;EL009M;999
8501;EL009BL;999
8500;EL009R;999
8499;EL009BG;999
8498;EL009V;999
8497;EL009G;999
8496;EL009N;999
8495;EL008BM;999
8494;EL008M;999
8493;EL008BL;999
8492;EL008R;999
8491;EL008BG;999
8490;EL008V;999
8489;EL008G;999
8488;EL008N;999
8487;EL007BM;999
8486;EL007M;999
8485;EL007BL;999
8484;EL007R;999
8483;EL007BG;999
8482;EL007V;999
8481;EL007G;999
8480;EL007N;999
8479;EL006BM;999
8478;EL006M;999
8477;EL006BL;999
8476;EL006R;999
8475;EL006BG;999
8474;EL006V;999
8473;EL006G;999
8472;EL006N;999
8471;EL005BM;999
8470;EL005M;999
8469;EL005BL;999
8468;EL005R;999
8467;EL005BG;999
8466;EL005V;999
8465;EL005G;999
8464;EL005N;999
8463;EL004BM;999
8462;EL004M;999
8461;EL004BL;999
8460;EL004R;999
8459;EL004BG;999
8458;EL004V;999
8457;EL004G;999
8456;EL004N;999
8455;EL003BM;999
8454;EL003M;999
8453;EL003BL;999
8452;EL003R;999
8451;EL003BG;999
8450;EL003V;999
8449;EL003G;999
8448;EL003N;999
8447;EL002BM;999
8446;EL002M;999
8445;EL002BL;999
8444;EL002R;999
8443;EL002BG;999
8442;EL002V;999
8441;EL002G;999
8440;EL002N;999
8439;EL001BM;999
8438;EL001M;999
8437;EL001BL;999
8436;EL001R;999
8435;EL001BG;999
8434;EL001V;999
8433;EL001G;999
8432;EL001N;999
